All New York ZIP Codes,,,,
Rank,ZIP Code,County,State,Overall Score
1,11201,Kings,New York,69.7
2,11211,Kings,New York,66
3,11217,Kings,New York,63.3
4,14222,Erie,New York,62.9
5,11101,Queens,New York,62.4
6,10019,New York,New York,61.9
7,13039,Onondaga,New York,61.6
8,11238,Kings,New York,61.2
9,10003,New York,New York,61.1
10,11710,Nassau,New York,60.9
11,10014,New York,New York,60.8
12,11249,Kings,New York,60.7
13,11218,Kings,New York,60.6
14,11731,Suffolk,New York,60.4
15,11946,Suffolk,New York,60.4
16,11232,Kings,New York,60.3
17,14618,Monroe,New York,60.3
18,10001,New York,New York,60
19,10010,New York,New York,60
20,11215,Kings,New York,59.4
21,11205,Kings,New York,59.4
22,11231,Kings,New York,59.4
23,11222,Kings,New York,59.1
24,11787,Suffolk,New York,59.1
25,11102,Queens,New York,58.9
26,10013,New York,New York,58.7
27,11366,Queens,New York,58.4
28,10038,Kings,New York,58.4
29,11729,Suffolk,New York,58.3
30,11730,Suffolk,New York,58.2
31,11561,Nassau,New York,58
32,11767,Suffolk,New York,58
33,10960,Rockland,New York,57.7
34,11581,Nassau,New York,57.5
35,10970,Rockland,New York,57.4
36,11949,Suffolk,New York,57.4
37,10956,Rockland,New York,57.3
38,11590,Nassau,New York,57.2
39,11220,Kings,New York,57.1
40,11772,Suffolk,New York,57.1
41,11361,Queens,New York,57
42,11725,Suffolk,New York,56.7
43,11746,Suffolk,New York,56.7
44,11757,Suffolk,New York,56.6
45,11552,Nassau,New York,56.5
46,11372,Queens,New York,56.4
47,12561,Ulster,New York,56.3
48,11779,Suffolk,New York,56.3
49,11726,Suffolk,New York,56.2
50,10308,Richmond,New York,56.1
51,14063,Chautauqua,New York,56.1
52,10918,Orange,New York,56.1
53,12550,Orange,New York,56.1
54,12549,Orange,New York,55.9
55,11747,Suffolk,New York,55.9
56,11764,Suffolk,New York,55.9
57,13820,Otsego,New York,55.8
58,10954,Rockland,New York,55.8
59,11967,Suffolk,New York,55.8
60,10065,New York,New York,55.8
61,11237,Kings,New York,55.7
62,10543,Westchester,New York,55.7
63,14226,Erie,New York,55.7
64,11221,Kings,New York,55.6
65,10538,Westchester,New York,55.6
66,13066,Onondaga,New York,55.6
67,11520,Nassau,New York,55.5
68,11778,Suffolk,New York,55.5
69,11225,Kings,New York,55.4
70,12534,Columbia,New York,55.3
71,11596,Nassau,New York,55.3
72,11742,Suffolk,New York,55.3
73,10952,Rockland,New York,55.2
74,11776,Suffolk,New York,55.2
75,14610,Monroe,New York,55.2
76,14217,Erie,New York,55.2
77,11354,Queens,New York,55.1
78,11790,Suffolk,New York,55.1
79,12508,Dutchess,New York,55
80,11216,Kings,New York,55
81,12701,Sullivan,New York,55
82,14224,Erie,New York,55
83,11563,Nassau,New York,54.9
84,11793,Nassau,New York,54.9
85,10977,Rockland,New York,54.9
86,11801,Nassau,New York,54.9
87,12571,Dutchess,New York,54.8
88,14420,Monroe,New York,54.8
89,10075,New York,New York,54.8
90,11228,Kings,New York,54.7
91,10520,Westchester,New York,54.7
92,11937,Suffolk,New York,54.7
93,11783,Nassau,New York,54.6
94,11756,Nassau,New York,54.6
95,10009,New York,New York,54.6
96,10028,New York,New York,54.6
97,11950,Suffolk,New York,54.5
98,11784,Suffolk,New York,54.5
99,14219,Erie,New York,54.5
100,11374,Queens,New York,54.4
101,11577,Nassau,New York,54.4
102,10930,Orange,New York,54.4
103,10549,Westchester,New York,54.4
104,14607,Monroe,New York,54.4
105,10128,New York,New York,54.4
106,10306,Richmond,New York,54.3
107,11702,Suffolk,New York,54.3
108,13323,Oneida,New York,54.3
109,12566,Orange,New York,54.2
110,11572,Nassau,New York,54.1
111,11720,Suffolk,New York,54.1
112,11766,Suffolk,New York,54.1
113,11358,Queens,New York,54
114,10901,Rockland,New York,53.9
115,11755,Suffolk,New York,53.9
116,11704,Suffolk,New York,53.9
117,14216,Erie,New York,53.8
118,13206,Onondaga,New York,53.8
119,12414,Ulster,New York,53.7
120,11105,Queens,New York,53.7
121,10980,Rockland,New York,53.7
122,13617,St. Lawrence,New York,53.6
123,14454,Livingston,New York,53.6
124,12601,Dutchess,New York,53.5
125,11103,Queens,New York,53.5
126,11362,Queens,New York,53.5
127,11510,Nassau,New York,53.5
128,14228,Erie,New York,53.5
129,12603,Dutchess,New York,53.4
130,12866,Saratoga,New York,53.4
131,11733,Suffolk,New York,53.4
132,11743,Suffolk,New York,53.4
133,14086,Erie,New York,53.4
134,14456,Ontario,New York,53.4
135,11550,Nassau,New York,53.3
136,13850,Broome,New York,53.3
137,14075,Erie,New York,53.3
138,10024,New York,New York,53.3
139,12590,Dutchess,New York,53.2
140,11214,Kings,New York,53.2
141,10522,Westchester,New York,53.2
142,11735,Suffolk,New York,53.2
143,10022,New York,New York,53.1
144,12477,Ulster,New York,53
145,10309,Richmond,New York,53
146,11566,Nassau,New York,53
147,14225,Erie,New York,53
148,14223,Erie,New York,53
149,10704,Bronx,New York,52.9
150,11501,Nassau,New York,52.9
151,10603,Westchester,New York,52.9
152,11701,Suffolk,New York,52.9
153,10025,New York,New York,52.8
154,10801,Westchester,New York,52.7
155,11223,Kings,New York,52.6
156,10992,Orange,New York,52.6
157,14559,Monroe,New York,52.6
158,11233,Kings,New York,52.5
159,11010,Nassau,New York,52.5
160,12586,Orange,New York,52.5
161,10566,Westchester,New York,52.5
162,14020,Genesee,New York,52.5
163,14051,Erie,New York,52.5
164,11106,Queens,New York,52.3
165,11209,Kings,New York,52.3
166,10950,Orange,New York,52.3
167,10509,Westchester,New York,52.3
168,11901,Suffolk,New York,52.3
169,11375,Queens,New York,52.2
170,11229,Kings,New York,52.2
171,10710,Westchester,New York,52.2
172,11968,Suffolk,New York,52.2
173,11421,Kings,New York,52.1
174,10553,Westchester,New York,52.1
175,12203,Albany,New York,52.1
176,12553,Orange,New York,52
177,10941,Orange,New York,52
178,11782,Suffolk,New York,52
179,11758,Suffolk,New York,52
180,14052,Erie,New York,52
181,11104,Queens,New York,51.9
182,13045,Tompkins,New York,51.9
183,11780,Suffolk,New York,51.9
184,10016,New York,New York,51.9
185,11204,Kings,New York,51.8
186,10804,Westchester,New York,51.8
187,11788,Suffolk,New York,51.8
188,10036,New York,New York,51.8
189,13212,Onondaga,New York,51.8
190,11235,Kings,New York,51.7
191,13901,Broome,New York,51.7
192,10012,New York,New York,51.7
193,13078,Onondaga,New York,51.7
194,14830,Steuben,New York,51.6
195,11206,Kings,New York,51.6
196,10990,Orange,New York,51.6
197,11706,Suffolk,New York,51.6
198,14580,Monroe,New York,51.6
199,11762,Nassau,New York,51.5
200,10940,Orange,New York,51.5
201,10570,Westchester,New York,51.5
202,12205,Albany,New York,51.5
203,12401,Ulster,New York,51.4
204,11226,Kings,New York,51.4
205,11234,Kings,New York,51.4
206,12589,Orange,New York,51.4
207,14214,Erie,New York,51.4
208,11003,Nassau,New York,51.3
209,12901,Clinton,New York,51.2
210,11741,Suffolk,New York,51.2
211,13057,Onondaga,New York,51.2
212,10305,Richmond,New York,51.1
213,11001,Queens,New York,51.1
214,11518,Nassau,New York,51.1
215,14623,Monroe,New York,51.1
216,11570,Nassau,New York,51
217,10541,Westchester,New York,51
218,14845,Chemung,New York,51
219,13204,Onondaga,New York,51
220,10307,Richmond,New York,50.9
221,11580,Queens,New York,50.8
222,10924,Orange,New York,50.8
223,11703,Suffolk,New York,50.8
224,10011,New York,New York,50.8
225,12524,Dutchess,New York,50.6
226,11598,Nassau,New York,50.6
227,10583,Westchester,New York,50.6
228,11768,Suffolk,New York,50.6
229,11230,Kings,New York,50.5
230,14094,Niagara,New York,50.5
231,11554,Nassau,New York,50.5
232,12065,Saratoga,New York,50.5
233,10573,Westchester,New York,50.5
234,11414,Kings,New York,50.4
235,11727,Suffolk,New York,50.4
236,11795,Suffolk,New York,50.4
237,10017,New York,New York,50.4
238,12110,Albany,New York,50.4
239,11377,Queens,New York,50.3
240,12801,Warren,New York,50.3
241,11545,Nassau,New York,50.3
242,14208,Erie,New York,50.3
243,14150,Erie,New York,50.3
244,11355,Queens,New York,50.2
245,11722,Suffolk,New York,50.2
246,14425,Ontario,New York,50.2
247,11771,Nassau,New York,50.1
248,10562,Westchester,New York,50.1
249,10709,Westchester,New York,50.1
250,13090,Onondaga,New York,50.1
251,11365,Queens,New York,49.9
252,11378,Queens,New York,49.9
253,14424,Ontario,New York,49.9
254,10314,Richmond,New York,49.8
255,14701,Chautauqua,New York,49.8
256,13421,Oneida,New York,49.8
257,14127,Erie,New York,49.8
258,13027,Onondaga,New York,49.7
259,12804,Warren,New York,49.6
260,11021,Nassau,New York,49.6
261,10803,Bronx,New York,49.6
262,13413,Oneida,New York,49.6
263,13104,Onondaga,New York,49.6
264,11417,Kings,New York,49.5
265,14304,Niagara,New York,49.5
266,11803,Nassau,New York,49.5
267,11738,Suffolk,New York,49.5
268,10512,Putnam,New York,49.4
269,11751,Suffolk,New York,49.4
270,14502,Monroe,New York,49.4
271,13031,Onondaga,New York,49.3
272,11542,Nassau,New York,49.2
273,14221,Erie,New York,49.2
274,11364,Queens,New York,49.1
275,11530,Nassau,New York,49.1
276,10708,Westchester,New York,49.1
277,11740,Suffolk,New York,49.1
278,10033,New York,New York,49.1
279,12211,Albany,New York,49.1
280,11791,Nassau,New York,49
281,11416,Kings,New York,48.9
282,12095,Fulton,New York,48.9
283,10580,Westchester,New York,48.9
284,13219,Onondaga,New York,48.9
285,11030,Nassau,New York,48.8
286,11753,Nassau,New York,48.8
287,10510,Westchester,New York,48.8
288,11763,Suffolk,New York,48.8
289,10312,Richmond,New York,48.7
290,12528,Ulster,New York,48.6
291,11412,Queens,New York,48.6
292,11040,Queens,New York,48.6
293,11419,Queens,New York,48.6
294,10606,Westchester,New York,48.6
295,11953,Suffolk,New York,48.6
296,11210,Kings,New York,48.5
297,14564,Monroe,New York,48.5
298,14586,Monroe,New York,48.4
299,10034,New York,New York,48.4
300,12953,Franklin,New York,48.2
301,11050,Nassau,New York,48.2
302,10530,Westchester,New York,48.2
303,14608,Monroe,New York,48.2
304,10455,Bronx,New York,48.1
305,14220,Erie,New York,48.1
306,14043,Erie,New York,48.1
307,14201,Erie,New York,48.1
308,11367,Queens,New York,48
309,11415,Queens,New York,48
310,10601,Westchester,New York,48
311,10302,Richmond,New York,47.8
312,11219,Kings,New York,47.8
313,12019,Saratoga,New York,47.8
314,10805,Westchester,New York,47.8
315,10604,Westchester,New York,47.8
316,11951,Suffolk,New York,47.7
317,11432,Queens,New York,47.6
318,13032,Oneida,New York,47.6
319,10461,Bronx,New York,47.5
320,14901,Chemung,New York,47.5
321,11369,Queens,New York,47.4
322,10965,Rockland,New York,47.4
323,14526,Monroe,New York,47.4
324,14032,Erie,New York,47.4
325,12206,Albany,New York,47.4
326,12538,Dutchess,New York,47.3
327,10462,Bronx,New York,47.3
328,13021,Onondaga,New York,47.3
329,14048,Chautauqua,New York,47.2
330,10470,Bronx,New York,47.2
331,11714,Nassau,New York,47.1
332,11754,Suffolk,New York,47.1
333,10026,New York,New York,47.1
334,12533,Dutchess,New York,47
335,10304,Richmond,New York,47
336,11411,Queens,New York,47
337,14625,Monroe,New York,47
338,13069,Onondaga,New York,47
339,11379,Queens,New York,46.9
340,13601,Jefferson,New York,46.9
341,14103,Niagara,New York,46.8
342,10458,Bronx,New York,46.8
343,11576,Nassau,New York,46.7
344,10591,Westchester,New York,46.7
345,10536,Westchester,New York,46.7
346,11208,Kings,New York,46.6
347,13905,Broome,New York,46.6
348,14760,Cattaraugus,New York,46.4
349,14624,Monroe,New York,46.4
350,11357,Queens,New York,46.3
351,11356,Queens,New York,46.3
352,11435,Queens,New York,46.3
353,11213,Kings,New York,46.3
354,11575,Nassau,New York,46.3
355,10514,Westchester,New York,46.3
356,14612,Monroe,New York,46.3
357,11373,Queens,New York,46.2
358,14120,Niagara,New York,46.2
359,14411,Orleans,New York,46.2
360,10301,Richmond,New York,46.1
361,12054,Albany,New York,46.1
362,10528,Westchester,New York,46
363,14212,Erie,New York,46
364,10021,New York,New York,46
365,12020,Saratoga,New York,45.9
366,10567,Westchester,New York,45.9
367,14072,Erie,New York,45.7
368,13041,Onondaga,New York,45.7
369,13210,Onondaga,New York,45.7
370,11423,Queens,New York,45.6
371,11428,Queens,New York,45.6
372,14620,Monroe,New York,45.6
373,12303,Albany,New York,45.6
374,14213,Erie,New York,45.5
375,10040,New York,New York,45.5
376,13676,St. Lawrence,New York,45.4
377,10552,Westchester,New York,45.4
378,10023,New York,New York,45.4
379,14810,Steuben,New York,45.3
380,10454,Bronx,New York,45.3
381,13088,Onondaga,New York,45.3
382,10469,Bronx,New York,45.2
383,10453,Bronx,New York,45.2
384,10463,New York,New York,45.2
385,10468,Bronx,New York,45.1
386,10703,Westchester,New York,45.1
387,14527,Yates,New York,45
388,10474,Bronx,New York,45
389,10927,Rockland,New York,45
390,14519,Monroe,New York,45
391,11004,Queens,New York,44.9
392,12144,Rensselaer,New York,44.9
393,14616,Monroe,New York,44.9
394,12047,Albany,New York,44.9
395,11207,Kings,New York,44.8
396,14850,Tompkins,New York,44.8
397,14615,Monroe,New York,44.7
398,14609,Monroe,New York,44.7
399,11553,Nassau,New York,44.6
400,10039,New York,New York,44.6
401,13209,Onondaga,New York,44.6
402,11418,Queens,New York,44.5
403,12306,Albany,New York,44.5
404,12771,Orange,New York,44.4
405,14534,Monroe,New York,44.4
406,14843,Steuben,New York,44.3
407,14626,Monroe,New York,44.3
408,14004,Erie,New York,44.3
409,10002,New York,New York,44.1
410,10605,Westchester,New York,44
411,14206,Erie,New York,44
412,14301,Niagara,New York,43.9
413,10031,New York,New York,43.9
414,10310,Richmond,New York,43.8
415,13760,Broome,New York,43.8
416,12180,Rensselaer,New York,43.7
417,10452,Bronx,New York,43.7
418,14622,Monroe,New York,43.7
419,14207,Erie,New York,43.7
420,11385,Queens,New York,43.6
421,10459,Bronx,New York,43.6
422,10598,Westchester,New York,43.6
423,10032,New York,New York,43.6
424,11694,Queens,New York,43.5
425,14092,Niagara,New York,43.5
426,10471,Bronx,New York,43.5
427,14606,Monroe,New York,43.5
428,14450,Monroe,New York,43.5
429,11236,Kings,New York,43.4
430,10701,Westchester,New York,43.4
431,14218,Erie,New York,43.4
432,10044,New York,New York,43.4
433,13126,Oswego,New York,43.3
434,11420,Queens,New York,43.3
435,13501,Oneida,New York,43.2
436,10027,New York,New York,43.2
437,10303,Richmond,New York,43
438,11436,Queens,New York,43
439,11360,Queens,New York,42.9
440,14467,Monroe,New York,42.9
441,13215,Onondaga,New York,42.9
442,11433,Queens,New York,42.8
443,13669,St. Lawrence,New York,42.8
444,14619,Monroe,New York,42.8
445,13502,Oneida,New York,42.8
446,14305,Niagara,New York,42.7
447,13827,Tioga,New York,42.7
448,12209,Albany,New York,42.7
449,11692,Queens,New York,42.6
450,13815,Chenango,New York,42.6
451,11961,Suffolk,New York,42.5
452,11429,Queens,New York,42.4
453,11239,Kings,New York,42.4
454,14617,Monroe,New York,42.4
455,10550,Bronx,New York,42.3
456,14605,Monroe,New York,42.3
457,14513,Ontario,New York,42.1
458,10035,New York,New York,42.1
459,12304,Albany,New York,42.1
460,11413,Queens,New York,42
461,11224,Kings,New York,42
462,12839,Warren,New York,42
463,14870,Steuben,New York,41.8
464,10451,Bronx,New York,41.8
465,14210,Erie,New York,41.8
466,13790,Broome,New York,41.6
467,11203,Kings,New York,41.5
468,13440,Oneida,New York,41.5
469,12010,Saratoga,New York,41.4
470,12118,Saratoga,New York,41.4
471,14468,Monroe,New York,41.3
472,14227,Erie,New York,41.3
473,11368,Queens,New York,41.2
474,14904,Chemung,New York,41.2
475,11370,Queens,New York,41.1
476,10472,Bronx,New York,41
477,10460,Bronx,New York,40.9
478,13492,Oneida,New York,40.9
479,13208,Onondaga,New York,40.8
480,13148,Wayne,New York,40.6
481,12189,Albany,New York,40.6
482,13662,St. Lawrence,New York,40.5
483,10466,Bronx,New York,40.5
484,13207,Onondaga,New York,40.5
485,10030,New York,New York,40.4
486,11693,Queens,New York,40.3
487,14215,Erie,New York,40.2
488,12831,Saratoga,New York,40.1
489,13903,Broome,New York,40.1
490,14613,Monroe,New York,40
491,11422,Queens,New York,39.9
492,10037,New York,New York,39.9
493,10705,Bronx,New York,39.8
494,13203,Onondaga,New York,39.8
495,13619,Jefferson,New York,39.7
496,13357,Herkimer,New York,39.5
497,11434,Queens,New York,39.4
498,13205,Onondaga,New York,39.4
499,11426,Queens,New York,39.2
500,12302,Saratoga,New York,39
501,12208,Albany,New York,39
502,14211,Erie,New York,38.9
503,10457,Bronx,New York,38.8
504,10029,New York,New York,38.7
505,12309,Albany,New York,38.7
506,12078,Fulton,New York,38.6
507,10465,Bronx,New York,38.4
508,10473,Bronx,New York,37.9
509,11691,Queens,New York,37.4
510,11427,Queens,New York,37.1
511,12308,Schenectady,New York,37.1
512,14621,Monroe,New York,36.9
513,10467,Bronx,New York,36.2
514,10475,Bronx,New York,36
515,11212,Kings,New York,35.3
516,14611,Monroe,New York,35.2
517,10456,Bronx,New York,34.1
518,12188,Saratoga,New York,32.8
519,12182,Rensselaer,New York,32.7